﻿id_pref_estad;estado;prefijo_telefonico;id_estado
1;Amazonas;248;1
2;Anzoategui;281;2
3;Anzoategui;282;2
4;Anzoategui;283;2
5;Anzoategui;285;2
6;Anzoategui;292;2
7;Apure;240;3
8;Apure;247;3
9;Apure;278;3
10;Aragua;243;4
11;Aragua;245;4
12;Aragua;246;4
13;Barinas;273;5
14;Barinas;278;5
15;Bolivar;284;6
16;Bolivar;285;6
17;Bolivar;285;6
18;Bolivar;286;6
19;Bolivar;288;6
20;Bolivar;289;6
21;Carabobo;241;7
22;Carabobo;242;7
23;Carabobo;243;7
24;Carabobo;245;7
25;Carabobo;245;7
26;Carabobo;249;7
27;Cojedes;258;8
28;Delta Amacuro;287;9
29;Distrito Capital;212;24
30;Falcon;259;10
31;Falcon;268;10
32;Falcon;269;10
33;Falcon;279;10
34;Guarico;235;11
35;Guarico;238;11
36;Guarico;246;11
37;Guarico;247;11
38;Lara;251;12
39;Lara;252;12
40;Lara;253;12
41;Merida;271;13
42;Merida;274;13
43;Merida;275;13
44;Miranda;212;14
45;Miranda;234;14
46;Miranda;239;14
47;Monagas;287;15
48;Monagas;291;15
49;Monagas;292;15
50;Nueva Esparta;295;16
51;Portuguesa;255;17
52;Portuguesa;256;17
53;Portuguesa;257;17
54;Portuguesa;272;17
55;Sucre;293;18
56;Sucre;294;18
57;Tachira;275;19
58;Tachira;276;19
59;Tachira;277;19
60;Tachira;278;19
61;Trujillo;271;20
62;Trujillo;272;20
63;Vargas;212;21
64;Yaracuy;251;22
65;Yaracuy;253;22
66;Yaracuy;254;22
67;Zulia;261;23
68;Zulia;262;23
69;Zulia;263;23
70;Zulia;264;23
71;Zulia;265;23
72;Zulia;266;23
73;Zulia;267;23
74;Zulia;271;23
75;Zulia;275;23
